{
    "CodeT5-finetuned (7500)": {
        "bleu": 0.34150655204797553,
        "rougeL": 0.47463414623368233,
        "meteor": 0.577969466161058
    },
    "CodeT5-finetuned (15000)": {
        "bleu": 0.32546492417834616,
        "rougeL": 0.4656016295295784,
        "meteor": 0.5680727407162147
    },
    "CodeT5-finetuned (22500)": {
        "bleu": 0.3223315969550678,
        "rougeL": 0.4628846850063653,
        "meteor": 0.5627180808758978
    },
    "CodeT5-small": {
        "bleu": 0.01256703290555514,
        "rougeL": 0.06793646068935011,
        "meteor": 0.030802400823742495
    },
    "GPT-2": {
        "bleu": 0.23481455944397236,
        "rougeL": 0.36786449538160837,
        "meteor": 0.5252309068371303
    },
    "CodeGen-350M": {
        "bleu": 0.24401231533319764,
        "rougeL": 0.36074237713735113,
        "meteor": 0.538991771416696
    }
}